{
  "config": {
    "n_train": 500,
    "n_test": 100,
    "epochs": 30,
    "batch_size": 32,
    "learning_rate": 0.001,
    "seed": 42,
    "data_format": "pt",
    "data_path": null
  },
  "results": {
    "darcy": {
      "dataset": {
        "name": "Darcy Flow",
        "resolution": "16x16",
        "n_train": 500,
        "n_test": 50,
        "input_channels": 1,
        "output_channels": 1,
        "n_modes": [
          8,
          8
        ]
      },
      "models": {
        "FNO": {
          "parameters": 133873,
          "train_losses": [
            0.7760750502347946,
            0.6152875870466232,
            0.48389967530965805,
            0.3242772240191698,
            0.28525817580521107,
            0.2729081679135561,
            0.2605754379183054,
            0.24829691741615534,
            0.23502243869006634,
            0.22213398199528456,
            0.21001434791833162,
            0.1984730400145054,
            0.1881153006106615,
            0.17934925481677055,
            0.17019838374108076,
            0.16648790519684553,
            0.1640269123017788,
            0.15919935703277588,
            0.15268573071807623,
            0.15292525384575129,
            0.14896381832659245,
            0.14792913105338812,
            0.14756462629884481,
            0.14522218750789762,
            0.14469127263873816,
            0.1448008082807064,
            0.1434777621179819,
            0.14339118730276823,
            0.14377160090953112,
            0.14338514860719442
          ],
          "test_losses": [
            0.6536272168159485,
            0.5657577514648438,
            0.3871106803417206,
            0.3054684102535248,
            0.2945815324783325,
            0.2823113203048706,
            0.2695976197719574,
            0.26397550106048584,
            0.24565933644771576,
            0.23364700376987457,
            0.2163325697183609,
            0.2024570107460022,
            0.19432556629180908,
            0.18223604559898376,
            0.1775912046432495,
            0.17586208879947662,
            0.17137235403060913,
            0.1591927409172058,
            0.16483069956302643,
            0.15397492051124573,
            0.1534661054611206,
            0.15342313051223755,
            0.15169836580753326,
            0.1509326994419098,
            0.1510731279850006,
            0.14929425716400146,
            0.14963848888874054,
            0.14900566637516022,
            0.14904296398162842,
            0.1491871029138565
          ],
          "best_test_loss": 0.14900566637516022,
          "avg_epoch_time": 0.9872592369715373,
          "inference_ms": 3.6221861839294434
        },
        "MHF-FNO": {
          "parameters": 70913,
          "train_losses": [
            0.6502494476735592,
            0.5788483284413815,
            0.5614441260695457,
            0.558423601090908,
            0.5576025769114494,
            0.5566151291131973,
            0.5559697337448597,
            0.5558297298848629,
            0.5568296611309052,
            0.5549332462251186,
            0.5555310547351837,
            0.5536135360598564,
            0.5546298734843731,
            0.5538860447704792,
            0.5559493228793144,
            0.5547478497028351,
            0.5532917194068432,
            0.552737545222044,
            0.5528645515441895,
            0.5531109645962715,
            0.5530698336660862,
            0.5525678060948849,
            0.5525368265807629,
            0.5522889010608196,
            0.5521448068320751,
            0.5514616928994656,
            0.5519626624882221,
            0.5518261343240738,
            0.5523873940110207,
            0.5519734397530556
          ],
          "test_losses": [
            0.6148169040679932,
            0.5756227374076843,
            0.5665117502212524,
            0.5682690143585205,
            0.5662164092063904,
            0.5643333792686462,
            0.564808189868927,
            0.565283477306366,
            0.5620117783546448,
            0.5666675567626953,
            0.564073920249939,
            0.5632054805755615,
            0.5624615550041199,
            0.5605205297470093,
            0.5642271637916565,
            0.561431348323822,
            0.5590481758117676,
            0.5620168447494507,
            0.5594204664230347,
            0.5615076422691345,
            0.5608277320861816,
            0.5601146817207336,
            0.5595530867576599,
            0.559754490852356,
            0.5597303509712219,
            0.559700071811676,
            0.5600315928459167,
            0.5599080324172974,
            0.5598542094230652,
            0.5598334670066833
          ],
          "best_test_loss": 0.5590481758117676,
          "avg_epoch_time": 8.11480056444804,
          "inference_ms": 44.41542387008667
        }
      }
    }
  },
  "timestamp": "2026-03-24T23:01:52.910454"
}