{
  "dataset": "Burgers 1D 1024",
  "results": {
    "fno": {
      "model": "FNO",
      "parameters": 407217,
      "train_losses": [
        14.318948643548149,
        13.997630698340279,
        13.530169248580933,
        12.662529877253942,
        10.829681737082344
      ],
      "best_train_loss": 10.829681737082344,
      "final_train_loss": 10.829681737082344,
      "test_loss": 12.25820541381836,
      "train_time": 4.294503211975098
    }
  },
  "config": {
    "n_modes": [
      256
    ],
    "hidden_channels": 32,
    "n_layers": 3,
    "epochs": 5,
    "batch_size": 16,
    "lr": 0.0005,
    "device": "cpu"
  }
}