{
  "model": "FNO",
  "n_modes": [
    32,
    32
  ],
  "hidden_channels": 32,
  "n_layers": 3,
  "parameters": 1682161,
  "train_samples": 1000,
  "test_samples": 200,
  "resolution": 64,
  "epochs": 5,
  "batch_size": 16,
  "lr": 0.001,
  "device": "cpu",
  "train_losses": [
    10.485545052422417,
    8.63993771870931,
    8.219663900042336,
    8.13701399545821,
    7.938712907215906
  ],
  "best_train_loss": 7.938712907215906,
  "final_train_loss": 7.938712907215906,
  "test_loss": 99.0807113647461,
  "total_train_time": 159.7078275680542,
  "avg_inference_time_ms": 21.36784553527832
}