{
  "timestamp": "2026-03-25 04:20:25",
  "config": {
    "resolutions": [
      16,
      32,
      64
    ],
    "n_train": 100,
    "n_test": 20,
    "epochs": 20
  },
  "results": {
    "16": {
      "FNO": {
        "params": 133873,
        "time": 4.5110132694244385,
        "loss": 19.88641357421875
      },
      "MHF-FNO": {
        "params": 92913,
        "time": 4.3177649974823,
        "loss": 19.94733238220215
      },
      "TFNO": {
        "params": 72997,
        "time": 5.097378492355347,
        "loss": 19.999452590942383
      }
    },
    "32": {
      "FNO": {
        "params": 133873,
        "time": 14.153117179870605,
        "loss": 19.978008270263672
      },
      "MHF-FNO": {
        "params": 92913,
        "time": 13.897253036499023,
        "loss": 19.946369171142578
      },
      "TFNO": {
        "params": 72997,
        "time": 15.074443101882935,
        "loss": 19.948984146118164
      }
    },
    "64": {
      "FNO": {
        "params": 133873,
        "time": 54.08401608467102,
        "loss": 20.330368041992188
      },
      "MHF-FNO": {
        "params": 92913,
        "time": 54.13543248176575,
        "loss": 20.090824127197266
      },
      "TFNO": {
        "params": 72997,
        "time": 55.78601384162903,
        "loss": 20.611438751220703
      }
    }
  }
}