{
  "config": {
    "n_train": 300,
    "n_test": 80,
    "epochs": 40,
    "batch_size": 32,
    "learning_rate": 0.001,
    "seed": 42
  },
  "results": {
    "darcy": {
      "dataset": {
        "name": "darcy",
        "resolution": 32,
        "n_train": 300,
        "n_test": 80,
        "input_channels": 1,
        "output_channels": 1,
        "is_1d": false
      },
      "models": {
        "FNO": {
          "parameters": 453361,
          "train_losses": [
            0.9722558081150054,
            0.9255609095096589,
            0.8162041306495667,
            0.5669865876436233,
            0.4561592072248459,
            0.41489650309085846,
            0.397590371966362,
            0.3898970425128937,
            0.3866439163684845,
            0.38318405151367185,
            0.3826631247997284,
            0.37978202700614927,
            0.3781533777713776,
            0.3765732407569885,
            0.37429133653640745,
            0.3710780441761017,
            0.36933433413505556,
            0.366857448220253,
            0.3639374762773514,
            0.3602778732776642,
            0.35882597863674165,
            0.35517769157886503,
            0.3533607363700867,
            0.35042141377925873,
            0.3485988825559616,
            0.347277495265007,
            0.3455109059810638,
            0.34288022220134734,
            0.34302192330360415,
            0.3427624672651291,
            0.341830712556839,
            0.3401240885257721,
            0.34002216458320617,
            0.3393557399511337,
            0.34035526812076566,
            0.33929307758808136,
            0.3394369274377823,
            0.3392910540103912,
            0.3394725561141968,
            0.338659405708313
          ],
          "test_losses": [
            0.9448732137680054,
            0.8923538327217102,
            0.6886457800865173,
            0.4643924832344055,
            0.43458136916160583,
            0.4028691351413727,
            0.392153799533844,
            0.3894636034965515,
            0.3866846561431885,
            0.3850794732570648,
            0.3838229179382324,
            0.3801867365837097,
            0.37892264127731323,
            0.3772173821926117,
            0.3759549558162689,
            0.37404412031173706,
            0.3723464012145996,
            0.3706601858139038,
            0.3685491681098938,
            0.36650604009628296,
            0.36440426111221313,
            0.3633652627468109,
            0.36203688383102417,
            0.36047491431236267,
            0.35899779200553894,
            0.3581388294696808,
            0.3573881983757019,
            0.35680732131004333,
            0.3558276295661926,
            0.35568898916244507,
            0.35476258397102356,
            0.3543568253517151,
            0.3540116250514984,
            0.35403281450271606,
            0.3536473512649536,
            0.35355445742607117,
            0.3535301685333252,
            0.35343021154403687,
            0.35342302918434143,
            0.35341697931289673
          ],
          "best_test_loss": 0.35341697931289673,
          "avg_epoch_time": 2.2344391345977783
        },
        "MHF-FNO": {
          "parameters": 232177,
          "train_losses": [
            0.9741361439228058,
            0.9421721458435058,
            0.9178885459899903,
            0.8283535659313201,
            0.6114209681749344,
            0.42460234463214874,
            0.38981254398822784,
            0.36538287103176115,
            0.35578201711177826,
            0.3504948139190674,
            0.3463471859693527,
            0.3464586079120636,
            0.3432207375764847,
            0.340947163105011,
            0.3391348898410797,
            0.3387868493795395,
            0.33666008412837983,
            0.33350340127944944,
            0.33208391070365906,
            0.33141215443611144,
            0.32974339127540586,
            0.3280725985765457,
            0.3272776871919632,
            0.32491310834884646,
            0.3246265441179276,
            0.3233358711004257,
            0.32402128279209136,
            0.32080536186695097,
            0.32023265659809114,
            0.3205274730920792,
            0.31978256702423097,
            0.3199970036745071,
            0.31984434127807615,
            0.31903558373451235,
            0.31872289180755614,
            0.31873721182346343,
            0.3190052419900894,
            0.31818529963493347,
            0.31827225983142854,
            0.3183453917503357
          ],
          "test_losses": [
            0.949982762336731,
            0.9330930709838867,
            0.8904043436050415,
            0.7320567965507507,
            0.4530309736728668,
            0.4030696749687195,
            0.37664103507995605,
            0.3602427840232849,
            0.3526145815849304,
            0.3499264121055603,
            0.35263919830322266,
            0.34680160880088806,
            0.34518328309059143,
            0.34496623277664185,
            0.3416811525821686,
            0.34055280685424805,
            0.3394295573234558,
            0.3368803858757019,
            0.3363252282142639,
            0.33578070998191833,
            0.3348620533943176,
            0.3337342441082001,
            0.3330414891242981,
            0.3315145671367645,
            0.3322227895259857,
            0.33160290122032166,
            0.32973507046699524,
            0.32898908853530884,
            0.32947906851768494,
            0.3281126618385315,
            0.3284286856651306,
            0.32791605591773987,
            0.3271932005882263,
            0.3276897966861725,
            0.3271324038505554,
            0.32703685760498047,
            0.3270692527294159,
            0.3270602822303772,
            0.327031672000885,
            0.32703500986099243
          ],
          "best_test_loss": 0.327031672000885,
          "avg_epoch_time": 2.1995345771312715
        }
      },
      "comparison": {
        "param_reduction_pct": 48.787610756108265,
        "loss_improvement_pct": 7.46577240383563
      }
    },
    "burgers": {
      "dataset": {
        "name": "burgers",
        "resolution": 256,
        "n_train": 300,
        "n_test": 80,
        "input_channels": 1,
        "output_channels": 1,
        "is_1d": true
      },
      "models": {
        "FNO": {
          "parameters": 210609,
          "train_losses": [
            0.9586469292640686,
            0.7149209290742874,
            0.279609477519989,
            0.1960322380065918,
            0.14285843074321747,
            0.10633571073412895,
            0.08101746737957001,
            0.06420092023909092,
            0.04950764663517475,
            0.03899828232824802,
            0.03544344771653414,
            0.03799719251692295,
            0.031079262495040894,
            0.02846312094479799,
            0.025693455152213572,
            0.026408462226390837,
            0.025214019790291788,
            0.024524408951401712,
            0.02489572875201702,
            0.025558117032051086,
            0.025741524621844293,
            0.023043655138462783,
            0.024561956524848938,
            0.025828068517148493,
            0.02423875965178013,
            0.02366793658584356,
            0.02295227739959955,
            0.022535729221999645,
            0.02291815709322691,
            0.023247840441763402,
            0.02242856565862894,
            0.022336161695420742,
            0.022390966303646564,
            0.021469167806208132,
            0.021907849796116353,
            0.022265866585075855,
            0.022115172073245048,
            0.021598247066140174,
            0.02186071202158928,
            0.021641634590923785
          ],