{
  "config": {
    "n_train": 500,
    "n_test": 100,
    "epochs": 50,
    "batch_size": 32,
    "learning_rate": 0.001,
    "seed": 42,
    "device": "cpu",
    "output_dir": "../data"
  },
  "results": {
    "burgers": {
      "dataset": "burgers",
      "resolution": 256,
      "n_modes": [
        128
      ],
      "models": {
        "FNO": {
          "parameters": 210609,
          "train_losses": [
            0.9045649990439415,
            0.34124544728547335,
            0.17194828763604164,
            0.10351158119738102,
            0.06850769533775747,
            0.04678551200777292,
            0.03554259636439383,
            0.031342498725280166,
            0.02897699235472828,
            0.027659716084599495,
            0.031082913745194674,
            0.025297024752944708,
            0.02880391594953835,
            0.028681680792942643,
            0.024773341952823102,
            0.0244869563030079,
            0.02475784660782665,
            0.026302109472453594,
            0.023868435411714017,
            0.025261622155085206,
            0.021888656890951097,
            0.0261163420509547,
            0.02108471922110766,
            0.021231504972092807,
            0.019801244256086648,
            0.01997379364911467,
            0.018909683683887124,
            0.0195018092636019,
            0.019328378431964666,
            0.018289897532667965,
            0.01811216596979648,
            0.017834536964073777,
            0.017377187847159803,
            0.01717803633073345,
            0.01687963807489723,
            0.017005843459628522,
            0.01684580958681181,
            0.0162824597209692,
            0.016431486990768462,
            0.01597092451993376,
            0.01592693373095244,
            0.015739159658551216,
            0.015601538179907948,
            0.015483150084037334,
            0.015489555720705539,
            0.015333724790252745,
            0.015387956460472196,
            0.015287388523574919,
            0.015329309389926493,
            0.015188613848295063
          ],
          "test_losses": [
            0.671764075756073,
            0.21474075317382812,
            0.12931710481643677,
            0.08191735297441483,
            0.05594944953918457,
            0.03773064911365509,
            0.03632662817835808,
            0.028239622712135315,
            0.029913248494267464,
            0.025772718712687492,
            0.027202919125556946,
            0.028139891102910042,
            0.03178616613149643,
            0.02476952038705349,
            0.02263190969824791,
            0.027749480679631233,
            0.03195546567440033,
            0.02514667995274067,
            0.024275904521346092,
            0.025593262165784836,
            0.02202524244785309,
            0.024454517289996147,
            0.019905028864741325,
            0.018996598199009895,
            0.019294925034046173,
            0.020367641001939774,
            0.018341466784477234,
            0.02237761951982975,
            0.017833488062024117,
            0.017817780375480652,
            0.01783893071115017,
            0.017403967678546906,
            0.018791677430272102,
            0.01614643633365631,
            0.01615716516971588,
            0.015946030616760254,
            0.015505246818065643,
            0.016634253785014153,
            0.01595277339220047,
            0.015460255555808544,
            0.01526536326855421,
            0.014982247725129128,
            0.01494347583502531,
            0.015420096926391125,
            0.015014460310339928,
            0.015041726641356945,
            0.014886382035911083,
            0.01495993509888649,
            0.014924290589988232,
            0.014915193431079388
          ],
          "best_test_loss": 0.014886382035911083,
          "final_test_loss": 0.014915193431079388,
          "avg_epoch_time": 0.9680259370803833,
          "inference_ms": 3.8768458366394043
        },
        "MHF-FNO": {
          "parameters": 143025,
          "train_losses": [
            0.9080350399017334,
            0.38327843975275755,
            0.21195510029792786,
            0.12255618954077363,
            0.06352518242783844,
            0.03707732283510268,
            0.029068695730529726,
            0.025802561198361218,
            0.025923396227881312,
            0.026254183729179204,
            0.02571377600543201,
            0.02730281639378518,
            0.023996535688638687,
            0.023089564754627645,
            0.021245962707325816,
            0.020042931544594467,
            0.021305909263901412,
            0.01998493354767561,
            0.01895282161422074,
            0.020814552437514067,
            0.019521887879818678,
            0.01823013019748032,
            0.017935657291673124,
            0.017189502308610827,
            0.01725247863214463,
            0.016744579188525677,
            0.016664491849951446,
            0.01656875485787168,
            0.015902956190984696,
            0.016788220847956836,
            0.01774658600334078,
            0.01631544978590682,
            0.015626349952071905,
            0.015239620115607977,
            0.01575795008102432,
            0.014471870206762105,
            0.015046495595015585,
            0.014263350865803659,
            0.014755912765394896,
            0.014424449356738478,
            0.014367282099556178,
            0.014266054437030107,
            0.014030235703103244,
            0.013872083276510239,
            0.013756821397691965,
            0.01372524636099115,
            0.013747465214692056,
            0.013625122141093016,
            0.013640161021612585,
            0.013673117791768163
          ],
          "test_losses": [
            0.6988124251365662,
            0.23118923604488373,
            0.15489190816879272,
            0.08579829335212708,
            0.04717858135700226,
            0.03269650787115097,
            0.029507942497730255,
            0.025686729699373245,
            0.027061371132731438,
            0.026269426569342613,
            0.02848890982568264,
            0.026356074959039688,
            0.022002724930644035,
            0.022500960156321526,
            0.018606090918183327,
            0.02231769636273384,
            0.019068468362092972,
            0.017578450962901115,
            0.020350182428956032,
            0.017856378108263016,
            0.017885180190205574,
            0.01756177842617035,
            0.017697304487228394,
            0.01650705561041832,
            0.017762862145900726,
            0.015544682741165161,
            0.016541440039873123,
            0.016149017959833145,
            0.015036591328680515,
            0.017101319506764412,
            0.015630166977643967,
            0.015688864514231682,
            0.016335012391209602,
            0.018997324630618095,
            0.014387927018105984,
            0.014252755790948868,
            0.013704792596399784,
            0.01385488361120224,
            0.014151603914797306,
            0.013494580052793026,
            0.014117935672402382,
            0.013487797230482101,
            0.013372833840548992,
            0.013609559275209904,
            0.013407614082098007,
            0.013339574448764324,
            0.013274943456053734,
            0.013271639123558998,
            0.013303147628903389,
            0.01330772414803505
          ],
          "best_test_loss": 0.013271639123558998,
          "final_test_loss": 0.01330772414803505,
          "avg_epoch_time": 0.97788978099823,
          "inference_ms": 3.1632256507873535,
          "param_reduction": 32.089796732333376
        },
        "MHF+CoDA": {
          "parameters": 143771,