{
  "config": {
    "n_train": 500,
    "n_test": 100,
    "epochs": 50,
    "batch_size": 32,
    "learning_rate": 0.001,
    "seed": 42,
    "device": "cpu",
    "output_dir": "../data"
  },
  "results": {
    "darcy": {
      "dataset": "darcy",
      "resolution": 32,
      "n_modes": [
        16,
        16
      ],
      "models": {
        "FNO": {
          "parameters": 453361,
          "train_losses": [
            0.9594617411494255,
            0.8268654569983482,
            0.5037537068128586,
            0.41559434309601784,
            0.39255497604608536,
            0.3882604595273733,
            0.38247756101191044,
            0.37923563085496426,
            0.3759442511945963,
            0.3733215741813183,
            0.3677242398262024,
            0.3625514153391123,
            0.35559684969484806,
            0.35012990050017834,
            0.34608169272542,
            0.34055231884121895,
            0.33628140948712826,
            0.33263591676950455,
            0.3290923796594143,
            0.32548818923532963,
            0.32227104902267456,
            0.3183441925793886,
            0.3152868468314409,
            0.3113937508314848,
            0.3067909851670265,
            0.30438655987381935,
            0.30280978605151176,
            0.3007437903434038,
            0.2992237638682127,
            0.29745353385806084,
            0.29653799906373024,
            0.2953264135867357,
            0.2944675125181675,
            0.29354184679687023,
            0.2927037738263607,
            0.292170625180006,
            0.2914597801864147,
            0.2909540757536888,
            0.2904947567731142,
            0.29019615799188614,
            0.28999460488557816,
            0.2896738797426224,
            0.28926087729632854,
            0.28922861255705357,
            0.28917660750448704,
            0.2889593578875065,
            0.2886125519871712,
            0.2888658996671438,
            0.2886991035193205,
            0.28898841328918934
          ],
          "test_losses": [
            0.9258313775062561,
            0.6404550075531006,
            0.44751715660095215,
            0.400584876537323,
            0.39112117886543274,
            0.3858082890510559,
            0.38207873702049255,
            0.37894654273986816,
            0.37717926502227783,
            0.3715023100376129,
            0.36556199193000793,
            0.3597339987754822,
            0.3537255823612213,
            0.34923768043518066,
            0.34332573413848877,
            0.3410312533378601,
            0.33488598465919495,
            0.33095818758010864,
            0.32762593030929565,
            0.32369720935821533,
            0.3198399543762207,
            0.31693121790885925,
            0.31385913491249084,
            0.30835720896720886,
            0.30522656440734863,
            0.3032914996147156,
            0.3023850619792938,
            0.29970887303352356,
            0.2983291745185852,
            0.29724860191345215,
            0.29601967334747314,
            0.2950892150402069,
            0.2941412627696991,
            0.29337701201438904,
            0.29318493604660034,
            0.2920301854610443,
            0.2914867401123047,
            0.2910707890987396,
            0.2905920743942261,
            0.29022207856178284,
            0.2900848090648651,
            0.2898081839084625,
            0.28958943486213684,
            0.2894411087036133,
            0.28935402631759644,
            0.2892911434173584,
            0.28925102949142456,
            0.2892123758792877,
            0.28919777274131775,
            0.2891954779624939
          ],
          "best_test_loss": 0.2891954779624939,
          "final_test_loss": 0.2891954779624939,
          "avg_epoch_time": 3.7480775451660158,
          "inference_ms": 8.481743335723877
        },
        "MHF-FNO": {
          "parameters": 232177,
          "train_losses": [
            0.9636138044297695,
            0.9205059185624123,
            0.72728630900383,
            0.423962140455842,
            0.3669520001858473,
            0.35419920086860657,
            0.34791865572333336,
            0.3445655144751072,
            0.34082366339862347,
            0.3370357044041157,
            0.3342025950551033,
            0.33135252073407173,
            0.3291074354201555,
            0.3243208881467581,
            0.32219043746590614,
            0.31780504807829857,
            0.31376723758876324,
            0.31069958209991455,
            0.30860402062535286,
            0.3071726430207491,
            0.30309602804481983,
            0.30057877860963345,
            0.2994949836283922,
            0.297616446390748,
            0.29630077444016933,
            0.29394551925361156,
            0.29372585751116276,
            0.29183357767760754,
            0.28944298066198826,
            0.28902268037199974,
            0.2877841666340828,
            0.28669937513768673,
            0.2850596308708191,
            0.2841147296130657,
            0.2831602916121483,
            0.28193264082074165,
            0.2816611770540476,
            0.28056276217103004,
            0.2803973350673914,
            0.2794820312410593,
            0.2789855506271124,
            0.27887806110084057,
            0.27840178459882736,
            0.27839591912925243,
            0.27794648706912994,
            0.2777867130935192,
            0.27753460593521595,
            0.27796480245888233,
            0.2778496164828539,
            0.2777517717331648
          ],
          "test_losses": [
            0.9438989162445068,
            0.8725239634513855,
            0.49865853786468506,
            0.387010395526886,
            0.35984015464782715,
            0.3530811369419098,
            0.34733322262763977,
            0.3437652587890625,
            0.34044793248176575,
            0.3383465111255646,
            0.334730863571167,
            0.33078208565711975,
            0.3270401060581207,
            0.3241767883300781,
            0.32230904698371887,
            0.31669938564300537,
            0.31368204951286316,
            0.3105716407299042,
            0.30815449357032776,
            0.3052411675453186,
            0.30257371068000793,
            0.3013364374637604,
            0.3008137345314026,
            0.29712918400764465,
            0.2964540123939514,
            0.29556071758270264,
            0.29346930980682373,
            0.29147395491600037,
            0.290214866399765,
            0.28972718119621277,
            0.2886687219142914,
            0.28761643171310425,
            0.285535991191864,
            0.2846152186393738,
            0.28390589356422424,
            0.28311923146247864,
            0.2823730409145355,
            0.2815872132778168,
            0.2813940942287445,
            0.2807343304157257,
            0.28052204847335815,
            0.2800911068916321,
            0.2797919511795044,
            0.27960440516471863,
            0.27957531809806824,
            0.27939075231552124,
            0.2793607711791992,
            0.2793140709400177,
            0.2792994976043701,
            0.2792995274066925
          ],
          "best_test_loss": 0.2792994976043701,
          "final_test_loss": 0.2792995274066925,
          "avg_epoch_time": 3.6053956747055054,
          "inference_ms": 7.033529281616211,
          "param_reduction": 48.787610756108265
        },
        "MHF+CoDA": {
          "parameters": 232923,