{
  "config": {
    "n_train": 500,
    "n_test": 100,
    "epochs": 50,
    "batch_size": 32,
    "learning_rate": 0.0005,
    "seed": 42,
    "device": "cpu",
    "output_dir": "../data"
  },
  "results": {
    "navier_stokes": {
      "dataset": "navier_stokes",
      "resolution": 32,
      "n_modes": [
        16,
        16
      ],
      "models": {
        "FNO": {
          "parameters": 453361,
          "train_losses": [
            0.9848717488348484,
            0.9466257579624653,
            0.8193729780614376,
            0.49623787961900234,
            0.41339415684342384,
            0.39221030846238136,
            0.377935029566288,
            0.38614844158291817,
            0.38014080747962,
            0.38320703618228436,
            0.38042221032083035,
            0.3837957698851824,
            0.37826870009303093,
            0.3792120832949877,
            0.37757943756878376,
            0.38314101099967957,
            0.38408403284847736,
            0.38051991164684296,
            0.3780852220952511,
            0.37833466567099094,
            0.3776987064629793,
            0.37734151259064674,
            0.38244291953742504,
            0.38370019756257534,
            0.38323141261935234,
            0.3798177167773247,
            0.3780482392758131,
            0.37705407477915287,
            0.37802749313414097,
            0.377691013738513,
            0.37520868331193924,
            0.3763829357922077,
            0.3762330487370491,
            0.3763533737510443,
            0.37805540673434734,
            0.3746848478913307,
            0.3753902520984411,
            0.3762517012655735,
            0.37575853802263737,
            0.3773329108953476,
            0.37576996721327305,
            0.3732170835137367,
            0.37427791953086853,
            0.3720996417105198,
            0.37590651400387287,
            0.3734399452805519,
            0.37590307742357254,
            0.37545501813292503,
            0.37511319667100906,
            0.37422192841768265
          ],
          "test_losses": [
            0.9721041917800903,
            0.9089848399162292,
            0.6614692211151123,
            0.41167792677879333,
            0.401706337928772,
            0.39161354303359985,
            0.39516371488571167,
            0.39274170994758606,
            0.39907941222190857,
            0.38790062069892883,
            0.38995322585105896,
            0.39860793948173523,
            0.3887028396129608,
            0.38779136538505554,
            0.3849656581878662,
            0.39064595103263855,
            0.3885594308376312,
            0.38737478852272034,
            0.3847232162952423,
            0.3842543661594391,
            0.38469448685646057,
            0.38982951641082764,
            0.3895094394683838,
            0.3834429085254669,
            0.397609144449234,
            0.38561734557151794,
            0.3852856755256653,
            0.38461247086524963,
            0.3833823800086975,
            0.38430020213127136,
            0.38487303256988525,
            0.38350600004196167,
            0.38540658354759216,
            0.382722407579422,
            0.3852865695953369,
            0.3851311504840851,
            0.38351261615753174,
            0.3876589834690094,
            0.3830433785915375,
            0.385987251996994,
            0.38329756259918213,
            0.38532301783561707,
            0.38434678316116333,
            0.3834210932254791,
            0.3838057816028595,
            0.38401341438293457,
            0.38436436653137207,
            0.38431400060653687,
            0.384276807308197,
            0.3842848837375641
          ],
          "best_test_loss": 0.382722407579422,
          "final_test_loss": 0.3842848837375641,
          "avg_epoch_time": 3.7318217182159423,
          "inference_ms": 8.538599014282227
        },
        "MHF-FNO": {
          "parameters": 232177,
          "train_losses": [
            0.9864643551409245,
            0.9539090618491173,
            0.8635335899889469,
            0.5890170484781265,
            0.42368039675056934,
            0.3939301371574402,
            0.3972495924681425,
            0.38299802877008915,
            0.3839544579386711,
            0.3762192465364933,
            0.3840941358357668,
            0.3776261992752552,
            0.3821474425494671,
            0.3880602680146694,
            0.3840088341385126,
            0.4013481233268976,
            0.383089330047369,
            0.38270433992147446,
            0.384925052523613,
            0.37990225851535797,
            0.37961008585989475,
            0.37751629389822483,
            0.37600349448621273,
            0.3758174851536751,
            0.3818696439266205,
            0.3763223569840193,
            0.3779310677200556,
            0.37890151515603065,
            0.3780157044529915,
            0.3757597543299198,
            0.37581363320350647,
            0.37439366057515144,
            0.3760704789310694,
            0.37471626326441765,
            0.37564740888774395,
            0.3787151165306568,
            0.3770408555865288,
            0.3762592002749443,
            0.3755430541932583,
            0.3756489288061857,
            0.3752434551715851,
            0.37418915145099163,
            0.37479736097157,
            0.37452436052262783,
            0.37615874223411083,
            0.3736464101821184,
            0.3758816048502922,
            0.3739808648824692,
            0.3744919113814831,
            0.3746462184935808
          ],
          "test_losses": [
            0.9740049839019775,
            0.9272065758705139,
            0.7550455331802368,
            0.4538705050945282,
            0.40299907326698303,
            0.40893790125846863,
            0.3938712775707245,
            0.38432276248931885,
            0.38460734486579895,
            0.39524027705192566,
            0.38324877619743347,
            0.38425156474113464,
            0.38481730222702026,
            0.3831609785556793,
            0.4331108331680298,
            0.38324570655822754,
            0.401281476020813,
            0.3985406458377838,
            0.389792799949646,
            0.39038917422294617,
            0.3876698613166809,
            0.3889150321483612,
            0.3835368752479553,
            0.39445436000823975,
            0.383361279964447,
            0.3887556493282318,
            0.3850734233856201,
            0.3839544951915741,
            0.3848165273666382,
            0.38413146138191223,
            0.3855075538158417,
            0.383393257856369,
            0.38508057594299316,
            0.3831899166107178,
            0.38526496291160583,
            0.3838503360748291,
            0.38416117429733276,
            0.38365674018859863,
            0.38469383120536804,
            0.3837321102619171,
            0.3836480975151062,
            0.3843867778778076,
            0.3838687241077423,
            0.38425081968307495,
            0.3836783468723297,
            0.38419589400291443,
            0.38429686427116394,
            0.3842090666294098,
            0.3841487467288971,
            0.3841577172279358
          ],
          "best_test_loss": 0.3831609785556793,
          "final_test_loss": 0.3841577172279358,
          "avg_epoch_time": 3.607164587974548,
          "inference_ms": 7.043280601501465,
          "param_reduction": 48.787610756108265
        },
        "MHF+CoDA": {
          "parameters": 232923,