{
  "config": {
    "epochs": 20,
    "n_train": 200,
    "n_test": 50,
    "batch_size": 32,
    "learning_rate": 0.001,
    "seed": 42
  },
  "results": {
    "darcy": {
      "dataset": {
        "name": "darcy",
        "resolution": 32,
        "is_1d": false,
        "train_size": 500,
        "test_size": 100,
        "input_channels": 1,
        "output_channels": 1
      },
      "models": {
        "FNO": {
          "parameters": 453361,
          "best_test_loss": 0.3934799134731293,
          "avg_epoch_time": 1.4859695196151734,
          "total_time": 32.63519096374512,
          "train_losses": [
            0.9810645750590733,
            0.9462211557797023,
            0.9178822210856846,
            0.8418455123901367,
            0.6858639546803066,
            0.5202747625964028,
            0.456394476549966,
            0.43507756505693707,
            0.4116586148738861,
            0.4038040723119463,
            0.40001257828303743,
            0.3930895839418684,
            0.3895414045878819,
            0.3894424949373518,
            0.3889558102403368,
            0.3890120429652078,
            0.38753217458724976,
            0.3877364822796413,
            0.3878274900572641,
            0.38869076541491915
          ],
          "test_losses": [
            0.960002064704895,
            0.9326037764549255,
            0.8878046274185181,
            0.7628945708274841,
            0.5881671905517578,
            0.47223761677742004,
            0.45242300629615784,
            0.42424270510673523,
            0.41404426097869873,
            0.4070327877998352,
            0.4035260081291199,
            0.39804768562316895,
            0.39628592133522034,
            0.3959890305995941,
            0.3944603204727173,
            0.3941309452056885,
            0.39360111951828003,
            0.3934799134731293,
            0.393512487411499,
            0.3935111165046692
          ]
        },
        "MHF-FNO": {
          "parameters": 232177,
          "best_test_loss": 0.3645053803920746,
          "avg_epoch_time": 1.462219738960266,
          "total_time": 31.62251877784729,
          "train_losses": [
            0.9816734109606061,
            0.9531200783593314,
            0.9411965267998832,
            0.9247931497437614,
            0.8863227452550616,
            0.7973279867853437,
            0.6626012921333313,
            0.4888921592916761,
            0.42245855927467346,
            0.398674522127424,
            0.38287912947790964,
            0.37600134525980267,
            0.36661821603775024,
            0.3615633249282837,
            0.3594656416348049,
            0.3580417420182909,
            0.3555813261440822,
            0.35723666633878437,
            0.3558357357978821,
            0.3546019068786076
          ],
          "test_losses": [
            0.9623225331306458,
            0.9449849724769592,
            0.9346224069595337,
            0.9093586802482605,
            0.847017765045166,
            0.732850968837738,
            0.567776620388031,
            0.441214919090271,
            0.41344544291496277,
            0.40289372205734253,
            0.38981667160987854,
            0.377441942691803,
            0.3714596927165985,
            0.3686527907848358,
            0.3667564392089844,
            0.3661380708217621,
            0.3652205765247345,
            0.3647151291370392,
            0.36458808183670044,
            0.3645053803920746
          ],
          "improvement_vs_fno": 7.363662562926063
        },
        "MHF+CoDA": {
          "parameters": 232923,
          "best_test_loss": 0.36132073402404785,
          "avg_epoch_time": 1.4803237199783326,
          "total_time": 31.85255217552185,
          "train_losses": [
            0.9822949767112732,
            0.952565610408783,
            0.9404378448213849,
            0.9236778957503182,
            0.8829524942806789,
            0.791755906173161,
            0.6582769496100289,
            0.4875072624002184,
            0.41308464322771343,
            0.390777268580028,
            0.3743020849568503,
            0.3670878154890878,
            0.36002334526606966,
            0.3567805417946407,
            0.3557340204715729,
            0.3546351833002908,
            0.352681896516255,
            0.35335069469043184,
            0.35129350423812866,
            0.3539382687636784
          ],
          "test_losses": [
            0.9622148871421814,
            0.9449803829193115,
            0.9340506196022034,
            0.9073417782783508,
            0.8411353230476379,
            0.7301844954490662,
            0.5655019283294678,
            0.4368869662284851,
            0.4072294235229492,
            0.38874876499176025,
            0.37752753496170044,
            0.37026551365852356,
            0.36671146750450134,
            0.36461588740348816,
            0.36345794796943665,
            0.36235836148262024,
            0.361937016248703,
            0.36146658658981323,
            0.3613382577896118,
            0.36132073402404785
          ],
          "improvement_vs_fno": 8.173016804141788
        }
      }
    },
    "burgers": {
      "dataset": {
        "name": "burgers",
        "resolution": 256,
        "is_1d": true,
        "train_size": 500,
        "test_size": 100,
        "input_channels": 1,
        "output_channels": 1
      },
      "models": {
        "FNO": {
          "parameters": 210545,
          "best_test_loss": 0.04133085161447525,
          "avg_epoch_time": 0.3938249468803406,
          "total_time": 8.452343940734863,
          "train_losses": [
            0.9738702774047852,
            0.7861559901918683,
            0.440867292029517,
            0.29340170536722454,
            0.21699406206607819,
            0.17564553235258376,
            0.14154143631458282,
            0.11313130812985557,
            0.09213895776442119,
            0.08010043310267585,
            0.07023752906492778,
            0.06262338108250073,
            0.055964763675417216,
            0.051682792603969574,
            0.04831451230815479,
            0.04562844868217196,
            0.044119514524936676,
            0.043022681559835164,
            0.04237657253231321,
            0.0412175426525729
          ],
          "test_losses": [
            0.8827768564224243,
            0.6115583181381226,
            0.26092514395713806,
            0.25336697697639465,
            0.2030707746744156,
            0.1510840207338333,
            0.11867646872997284,
            0.09850341081619263,
            0.08427837491035461,
            0.07364588975906372,
            0.06495603919029236,
            0.057805515825748444,
            0.05329630523920059,
            0.04855278134346008,
            0.04567696526646614,
            0.043829575181007385,
            0.04274260625243187,
            0.04175902530550957,
            0.04141133651137352,
            0.04133085161447525
          ]
        },
        "MHF-FNO": {
          "parameters": 142961,
          "best_test_loss": 0.036853741854429245,
          "avg_epoch_time": 0.4017751932144165,
          "total_time": 8.61163592338562,
          "train_losses": [
            0.9849070140293666,
            0.8236462048121861,
            0.5249932067734855,
            0.32882041164806913,
            0.2760461632694517,
            0.2453374947820391,
            0.1970508907522474,
            0.15680414651121413,
            0.11960529961756297,
            0.08907921292952128,
            0.07082596101931163,
            0.06131827565176146,
            0.054280176758766174,
            0.048209886465753825,
            0.04494097296680723,
            0.04127800624285426,
            0.03978024263467107,
            0.03863748535513878,
            0.03732052072882652,
            0.0374012009373733
          ],