{
  "darcy_16": {
    "fno": {
      "params": 133873,
      "l2": 0.102215975522995,
      "latency": 3.5883650416508317
    },
    "mhf": {
      "params": 103153,
      "l2": 0.10721005499362946,
      "latency": 3.2594745280221105
    },
    "heads": [
      {
        "n_heads": 2,
        "params": 113393,
        "l2": 0.1035446897149086
      },
      {
        "n_heads": 4,
        "params": 103153,
        "l2": 0.10721005499362946
      },
      {
        "n_heads": 8,
        "params": 98033,
        "l2": 0.10830245912075043
      }
    ]
  }
}