{
  "FNO": {
    "test_mse": 0.01108691,
    "test_lp": 0.193036,
    "params": 453361,
    "inference_ms": 3.54,
    "train_time_s": 17.2
  },
  "TFNO": {
    "test_mse": 0.00997809,
    "test_lp": 0.185985,
    "params": 244465,
    "inference_ms": 3.57,
    "train_time_s": 16.4
  },
  "MHF-FNO": {
    "test_mse": 0.01468812,
    "test_lp": 0.22469,
    "params": 379633,
    "inference_ms": 3.09,
    "train_time_s": 15.6
  }
}