{
  "FNO": {
    "params": 1074657,
    "test_mse": 0.0026648095808923244,
    "test_lp": 0.09422115236520767,
    "inference_ms": 7.740259170532227,
    "train_time_s": 86.8673791885376,
    "status": "ok"
  },
  "TFNO(r=0.5)": {
    "params": 568923,
    "test_mse": 0.0024530007503926754,
    "test_lp": 0.09401369094848633,
    "inference_ms": 4.123687744140625,
    "train_time_s": 76.65388751029968,
    "status": "ok"
  },
  "MHF-FNO": {
    "params": 902369,
    "test_mse": 0.04888858273625374,
    "test_lp": 0.4312387704849243,
    "inference_ms": 55.533647537231445,
    "train_time_s": 690.9128353595734,
    "status": "ok"
  }
}