{
  "train_loss": [
    0.5305413830129406,
    0.2392158510187004,
    0.1599660495036765,
    0.13571828782935685,
    0.12325814922776403,
    0.11309749284122564,
    0.1043762730646737,
    0.10472016696688495,
    0.09748535961667194,
    0.08796170702840708,
    0.09108907408729384,
    0.07951503171573711,
    0.07605673749990101,
    0.07323855199391328,
    0.07724826782941818,
    0.07063075070139728,
    0.0686925967471509,
    0.06749933279013332,
    0.06576500017243096,
    0.06457035993284817,
    0.06388273141995261,
    0.06265187249342098,
    0.062044413642415516,
    0.061494089050006265,
    0.06107961141233203,
    0.060631055903585654,
    0.0603170458557485,
    0.06004693731665611,
    0.05998474661307999,
    0.05999645703955542
  ],
  "test_loss": [
    0.28219106793403625,
    0.197034552693367,
    0.14055345952510834,
    0.12794893980026245,
    0.124152272939682,
    0.11878081411123276,
    0.10052061825990677,
    0.0955924317240715,
    0.09274140000343323,
    0.09951929748058319,
    0.0918378159403801,
    0.08606725931167603,
    0.07726213335990906,
    0.07375970482826233,
    0.0754832923412323,
    0.07173188775777817,
    0.07130900025367737,
    0.0706692561507225,
    0.07030986249446869,
    0.07190250605344772,
    0.06873511523008347,
    0.06778652966022491,
    0.06830664724111557,
    0.06641896814107895,
    0.06537092477083206,
    0.06525398045778275,
    0.06515265256166458,
    0.06515934318304062,
    0.06498819589614868,
    0.06496786326169968
  ],
  "lr": [
    0.0009972609476841367,
    0.0009890738003669028,
    0.0009755282581475768,
    0.0009567727288213003,
    0.0009330127018922195,
    0.0009045084971874739,
    0.0008715724127386972,
    0.0008345653031794292,
    0.0007938926261462366,
    0.00075,
    0.0007033683215379003,
    0.0006545084971874739,
    0.0006039558454088797,
    0.0005522642316338269,
    0.0005000000000000002,
    0.0004477357683661734,
    0.00039604415459112036,
    0.0003454915028125264,
    0.00029663167846210003,
    0.00025000000000000017,
    0.00020610737385376354,
    0.00016543469682057108,
    0.00012842758726130303,
    9.549150281252637e-05,
    6.698729810778068e-05,
    4.322727117869953e-05,
    2.447174185242324e-05,
    1.092619963309716e-05,
    2.7390523158633003e-06,
    0.0
  ]
}