{
  "MHF+AFNO": {
    "params": 558561,
    "test_mse": 0.011319649405777454,
    "test_lp": 0.21093244850635529,
    "inference_ms": 55.79209327697754,
    "train_time_s": 1073.154761314392,
    "status": "ok"
  }
}