{
  "MHF+CoDA+AFNO": {
    "params": 501605,
    "test_mse": 0.060140982270240784,
    "test_lp": 0.48903533816337585,
    "inference_ms": 138.61942291259766,
    "train_time_s": 1653.0939445495605,
    "status": "ok"
  }
}