{
  "1_baseline": {
    "test_lp": 2305.61328125,
    "test_mse": 0.41046804189682007,
    "latency_ms": 16.725897789001465,
    "params": 3255025,
    "config": "MHF-FNO (无PINO)",
    "final_train_loss": 0.3744558348105504
  },
  "2_uniform_pino": {
    "test_lp": 1677.1981201171875,
    "test_mse": 0.21123604476451874,
    "latency_ms": 790.2676343917847,
    "params": 3255025,
    "config": "MHF-FNO + 均匀PINO (λ=0.01)",
    "final_train_loss": 0.21066367053068602
  },
  "3_fa_pino": {
    "test_lp": 1539.52880859375,
    "test_mse": 0.1656189113855362,
    "latency_ms": 16.987156867980957,
    "params": 3255025,
    "config": "FA-PINO 频率感知权重 [1.0, 0.5, 0.1]",
    "final_train_loss": 0.1505737127019809
  },
  "4_pspt": {
    "test_lp": 1545.0626220703125,
    "test_mse": 0.16759489476680756,
    "latency_ms": 786.0624313354492,
    "params": 3255025,
    "config": "PSPT 渐进式训练",
    "final_train_loss": 0.1498508510681299
  },
  "5_fa_pino_pspt": {
    "test_lp": 1556.6156005859375,
    "test_mse": 0.16609355807304382,
    "latency_ms": 800.571084022522,
    "params": 3255025,
    "config": "FA-PINO + PSPT 组合",
    "final_train_loss": 0.15424333054285783
  }
}