{
  "timestamp": "2026-03-31T04:32:58.451641",
  "config": {
    "seed": 42,
    "epochs": 50,
    "batch_size": 32,
    "lr": 0.001,
    "n_modes": [
      16,
      16
    ],
    "hidden_channels": 32,
    "n_heads": 2,
    "mhf_layers": [
      0
    ],
    "train_samples": 50,
    "test_samples": 20,
    "device": "cpu",
    "pino_lambda": 0.1
  },
  "results": {
    "1_Baseline": {
      "test_mse": 0.14247074723243713,
      "test_lp": 10.376029014587402,
      "latency_ms": 16.371,
      "params": 379633,
      "extra_params": 0,
      "total_params": 379633,
      "name": "1_Baseline",
      "description": "Baseline (no PINO)"
    },
    "2_Uniform_PINO": {
      "test_mse": 0.14245279133319855,
      "test_lp": 10.375444412231445,
      "latency_ms": 15.085,
      "params": 379633,
      "extra_params": 0,
      "total_params": 379633,
      "name": "2_Uniform_PINO",
      "description": "Uniform PINO (λ=0.1)"
    },
    "3_FA_PINO": {
      "test_mse": 0.5102971196174622,
      "test_lp": 19.988414764404297,
      "latency_ms": 16.23,
      "params": 379633,
      "extra_params": 0,
      "total_params": 379633,
      "name": "3_FA_PINO",
      "description": "FA-PINO (frequency-aware)"
    },
    "4_PSPT": {
      "test_mse": 0.14243634045124054,
      "test_lp": 10.374920845031738,
      "latency_ms": 18.733,
      "params": 379633,
      "extra_params": 0,
      "total_params": 379633,
      "name": "4_PSPT",
      "description": "PSPT (progressive)"
    },
    "5_FA_PINO_PSPT": {
      "test_mse": 0.14243634045124054,
      "test_lp": 10.374920845031738,
      "latency_ms": 13.871,
      "params": 379633,
      "extra_params": 0,
      "total_params": 379633,
      "name": "5_FA_PINO_PSPT",
      "description": "FA-PINO + PSPT"
    },
    "6_AFP_PINO": {
      "test_mse": 0.13802482187747955,
      "test_lp": 10.250826835632324,
      "latency_ms": 17.458,
      "params": 379633,
      "extra_params": 2,
      "total_params": 379635,
      "name": "6_AFP_PINO",
      "description": "AFP-PINO (adaptive)"
    },
    "7_SP_JR": {
      "test_mse": 0.5098681449890137,
      "test_lp": 19.98065757751465,
      "latency_ms": 17.451,
      "params": 379633,
      "extra_params": 0,
      "total_params": 379633,
      "name": "7_SP_JR",
      "description": "SP-JR (spectral-physics joint)"
    },
    "8_FDPA": {
      "test_mse": 0.14247074723243713,
      "test_lp": 10.376029014587402,
      "latency_ms": 16.5,
      "params": 379633,
      "extra_params": 0,
      "total_params": 379633,
      "name": "8_FDPA",
      "description": "FDPA (physics attention)"
    }
  },
  "training_history": {
    "1_Baseline": [
      0.4621749222278595,
      0.46056489646434784,
      0.4593176692724228,
      0.4575493633747101,
      0.455514132976532,
      0.4530879259109497,
      0.4498759061098099,
      0.4455986022949219,
      0.43999412655830383,
      0.43257735669612885,
      0.42263075709342957,
      0.4093054234981537,
      0.3916123956441879,
      0.36839064955711365,
      0.33848242461681366,
      0.3013887405395508,
      0.25846803188323975,
      0.2147975116968155,
      0.18186193704605103,
      0.17244522273540497,
      0.1729714274406433,
      0.16089636832475662,
      0.14596542716026306,
      0.13883740454912186,
      0.1381654590368271,
      0.1391078531742096,
      0.13884670287370682,
      0.13688353449106216,
      0.1338958665728569,
      0.13083678483963013,
      0.1283985674381256,
      0.12680326774716377,
      0.12586746737360954,
      0.12525970861315727,
      0.12473709508776665,
      0.12422269955277443,
      0.12374146282672882,
      0.12333524599671364,
      0.12302089110016823,
      0.12278963252902031,
      0.12262176722288132,
      0.12249815464019775,
      0.12240494415163994,
      0.12233369797468185,
      0.12227961048483849,
      0.12223978713154793,
      0.1222119964659214,
      0.12219423055648804,
      0.12218435481190681,
      0.12218010053038597
    ],
    "2_Uniform_PINO": [
      0.4621749371290207,
      0.4605649411678314,
      0.45931775867938995,
      0.4575496166944504,
      0.45551449060440063,
      0.45308858156204224,
      0.44987688958644867,
      0.44560012221336365,
      0.43999648094177246,
      0.43258097767829895,
      0.4226362854242325,
      0.40931379795074463,
      0.3916250914335251,
      0.36840976774692535,
      0.3385106176137924,
      0.30142875015735626,
      0.2585199475288391,
      0.21485282480716705,
      0.18189288675785065,
      0.17241236567497253,
      0.17290399223566055,
      0.16085541993379593,
      0.14596445113420486,
      0.13886424154043198,
      0.1382034495472908,
      0.13914378732442856,
      0.1388721987605095,
      0.13689424842596054,
      0.13389108330011368,
      0.13081908971071243,
      0.1283734142780304,
      0.12677723169326782,
      0.12584569305181503,
      0.12524450197815895,
      0.1247279904782772,
      0.12421786785125732,
      0.12373906746506691,
      0.12333398684859276,
      0.12302008271217346,
      0.12278890237212181,
      0.12262100726366043,
      0.1224973052740097,
      0.12240400537848473,
      0.12233267724514008,
      0.12227850034832954,
      0.12223859503865242,
      0.12221076339483261,
      0.12219297140836716,
      0.12218306586146355,
      0.1221788041293621
    ],
    "3_FA_PINO": [
      1.9326882660388947,
      1.193771630525589,
      1.2583473920822144,
      0.5172883123159409,
      0.779953271150589,
      0.888993889093399,
      0.5709470957517624,
      0.496138259768486,
      0.6440593898296356,
      0.6159241795539856,
      0.4869685024023056,
      0.48591890931129456,
      0.5444859266281128,
      0.5243257284164429,
      0.47174887359142303,
      0.47221633791923523,
      0.4964925944805145,
      0.48920468986034393,
      0.4672440141439438,
      0.465347558259964,
      0.47517748177051544,
      0.47468243539333344,
      0.46606990694999695,
      0.46277111768722534,
      0.46586786210536957,
      0.4676159620285034,
      0.46541671454906464,
      0.4629080295562744,
      0.46268418431282043,
      0.46367405354976654,
      0.46402302384376526,
      0.4634363502264023,
      0.46271416544914246,
      0.462436243891716,
      0.4625450670719147,
      0.4627201706171036,
      0.46276746690273285,
      0.4626898169517517,
      0.46257270872592926,
      0.4624813050031662,
      0.4624335765838623,
      0.4624185562133789,
      0.4624192714691162,
      0.462424099445343,
      0.46242792904376984,
      0.4624297618865967,
      0.4624301940202713,
      0.4624299705028534,
      0.46242959797382355,
      0.46242937445640564
    ],