{
  "FNO": {
    "params": 133873,
    "loss": 0.09587535262107849,
    "time": 211.41263604164124
  },
  "MHF-FNO": {
    "params": 41713,
    "loss": 0.12699371576309204,
    "time": 192.01321721076965
  }
}