{
  "FNO": {
    "params": 123073,
    "l2": 0.5460286736488342,
    "time": 86.5885636806488
  },
  "MHF-FNO": {
    "params": 30913,
    "l2": 0.48658740520477295,
    "time": 79.92237830162048
  }
}