{
  "FNO": {
    "params": 123073,
    "l2": 0.5347897410392761,
    "time": 86.24167799949646
  },
  "MHF-FNO": {
    "params": 30913,
    "l2": 0.4881530702114105,
    "time": 79.89032626152039
  }
}