{
  "FNO-32": {
    "params": 133873,
    "loss_mean": 0.09610716501871745,
    "loss_std": 0.0027720554638671806,
    "losses": [
      0.09509614109992981,
      0.09989289194345474,
      0.09333246201276779
    ]
  },
  "MHF-1+3": {
    "params": 72433,
    "loss_mean": 0.09190479914347331,
    "loss_std": 0.0011312471976916557,
    "losses": [
      0.09036950767040253,
      0.09306198358535767,
      0.09228290617465973
    ],
    "params_change": -45.894243051250065,
    "loss_change": -4.372583328647458
  }
}