{
  "timestamp": "20260331_112906",
  "results": {
    "FNO_Baseline": {
      "parameters": 176993,
      "relative_reduction": 0.0
    },
    "MHF_NoCoDA": {
      "parameters": 95073,
      "relative_reduction": 46.28431632889436
    },
    "VariantA_AllLayers": {
      "parameters": 100085,
      "relative_reduction": 43.452565920686126
    },
    "VariantB_Progressive": {
      "parameters": 97579,
      "relative_reduction": 44.86844112479025
    },
    "VariantC_Parallel": {
      "parameters": 182438,
      "relative_reduction": -3.076392851694698
    }
  },
  "baseline_parameters": 176993
}