{
  "timestamp": "2026-03-25T06:13:17.231399",
  "results": {
    "none": {
      "params": 140017,
      "best_loss": 0.054746212903410196,
      "best_epoch": 33,
      "time": 156.1224980354309
    },
    "senet": {
      "params": 140763,
      "best_loss": 0.05500749126076698,
      "best_epoch": 28,
      "time": 163.3906855583191
    },
    "coda": {
      "params": 140363,
      "best_loss": 0.05415144516155124,
      "best_epoch": 32,
      "time": 161.76913905143738
    }
  }
}