{
  "timestamp": "2026-03-25T19:33:08.461970",
  "iteration": "4-minimal-A",
  "epochs": 50,
  "results": {
    "FNO": {
      "params": 269041,
      "best_loss": 0.00687398442200252,
      "best_epoch": 23,
      "time": 380.86178278923035,
      "vs_fno": 0.0
    },
    "CoDA-default": {
      "params": 140363,
      "best_loss": 0.00638545530715159,
      "best_epoch": 35,
      "time": 377.21294379234314,
      "bottleneck": 4,
      "gate_init": 0.1,
      "vs_fno": -7.1069278726793055
    },
    "CoDA-optimized": {
      "params": 140183,
      "best_loss": 0.00647224738661732,
      "best_epoch": 48,
      "time": 383.25381565093994,
      "bottleneck": 2,
      "gate_init": 0.05,
      "vs_fno": -5.844311111606601
    }
  },
  "best_config": {
    "name": "CoDA-default",
    "loss": 0.00638545530715159,
    "vs_fno": -7.1069278726793055,
    "bottleneck": 4,
    "gate_init": 0.1
  },
  "fno_baseline": 0.00687398442200252,
  "target": "-10% vs FNO"
}