{
  "timestamp": "2026-03-25T14:30:53.056757",
  "iteration": 3,
  "target": {
    "ns": "\u2264 -10% vs FNO",
    "darcy": "\u9a8c\u8bc1MHF\u9002\u7528\u8fb9\u754c"
  },
  "tests": {
    "data_augmentation": {
      "status": "success",
      "results": {
        "FNO": {
          "params": 269041,
          "best_loss": 0.006916906950729234,
          "best_epoch": 26,
          "time": 759.2091932296753,
          "vs_fno": 0.0
        },
        "CoDA-[0,2]": {
          "params": 140363,
          "best_loss": 0.0064774817521018645,
          "best_epoch": 44,
          "time": 766.911899805069,
          "vs_fno": -6.352914702445744
        }
      },
      "fno_baseline": 0.006916906950729234
    },
    "darcy_flow": {
      "status": "failed",
      "error": "[Errno 2] No such file or directory: '/root/.openclaw/workspace/memory/projects/tianyuan-fft/data/darcy_train_16.pt'"
    }
  }
}