{
  "config": {
    "data_dir": "./data",
    "output_dir": "./results",
    "epochs": 100,
    "batch_size": 16,
    "lr": 0.001,
    "seed": 42,
    "device": "cpu"
  },
  "timestamp": "2026-03-25T05:32:45.167245",
  "dataset": {
    "train_samples": 200,
    "test_samples": 50,
    "resolution": "32x32"
  },
  "models": {
    "FNO": {
      "parameters": 269041,
      "best_test_loss": 0.056672857608646154,
      "final_train_loss": 0.007377858381145275,
      "train_time_s": 167.35363793373108
    },
    "MHF-FNO": {
      "parameters": 140017,
      "best_test_loss": 0.054746212903410196,
      "final_train_loss": 0.016289497868945964,
      "train_time_s": 158.6007685661316
    },
    "MHF+Attention": {
      "parameters": 140763,
      "best_test_loss": 0.05500749126076698,
      "final_train_loss": 0.013262856680040177,
      "train_time_s": 167.22794914245605
    }
  }
}