{
  "timestamp": "2026-03-25T11:35:02.097250",
  "epochs": 50,
  "results": {
    "FNO": {
      "loss": 0.05661244736984372,
      "epoch": 21
    },
    "MHF-FNO": {
      "loss": 0.05507110245525837,
      "epoch": 40
    },
    "CoDA-Full": {
      "loss": 0.06887188460677862,
      "epoch": 50
    },
    "CoDA-bn2": {
      "loss": 0.06709693185985088,
      "epoch": 40,
      "bottleneck": 2
    },
    "CoDA-bn4": {
      "loss": 0.0693538156338036,
      "epoch": 40,
      "bottleneck": 4
    },
    "CoDA-bn6": {
      "loss": 0.06868634978309274,
      "epoch": 40,
      "bottleneck": 6
    }
  },
  "summary": {
    "best_config": "MHF-FNO",
    "best_loss": 0.05507110245525837,
    "vs_fno_percent": -2.7226254758355393
  }
}