{
  "timestamp": "2026-03-25T11:53:01.202847",
  "results": {
    "FNO": {
      "loss": 0.056672857608646154,
      "epoch": 21,
      "time": 165.53908157348633,
      "params": 269041
    },
    "MHF-[0,2]": {
      "loss": 0.054746212903410196,
      "epoch": 33,
      "time": 154.80490899085999,
      "params": 140017
    },
    "CoDA-[0,2]": {
      "loss": 0.05415144516155124,
      "epoch": 32,
      "time": 162.16720271110535,
      "params": 140363
    },
    "MHF-[0,1,2]": {
      "loss": 0.059909784235060215,
      "epoch": 77,
      "time": 152.73656487464905,
      "params": 75505
    },
    "MHF-64ch": {
      "loss": 0.05536650586873293,
      "epoch": 22,
      "time": 371.1107335090637,
      "params": 558561
    }
  },
  "summary": {
    "best_config": "CoDA-[0,2]",
    "best_loss": 0.05415144516155124,
    "vs_fno_percent": -4.4490653083112655,
    "target_met": false
  }
}