{
  "timestamp": "2026-03-25T06:04:20.515206",
  "results": {
    "none": {
      "params": 140017,
      "best_loss": 0.05672763613983989,
      "time": 64.45576906204224
    },
    "senet": {
      "params": 140763,
      "best_loss": 0.05655292607843876,
      "time": 66.93825507164001
    },
    "mha": {
      "params": 140625,
      "best_loss": 0.0580651368945837,
      "time": 117.90316700935364
    },
    "coda": {
      "params": 140363,
      "best_loss": 0.056381714064627886,
      "time": 64.95281720161438
    },
    "hybrid": {
      "params": 141077,
      "best_loss": 0.0571426497772336,
      "time": 76.22502303123474
    }
  }
}