{
  "timestamp": "2026-03-31T00:03:49.048692",
  "burgers": {
    "FNO": {
      "rand_test": {
        "test_mse": 0.09624021500349045,
        "test_lp": 28.096817016601562,
        "params": 49953
      },
      "conexp_test": {
        "test_mse": 0.07102645933628082,
        "test_lp": 24.059480667114258,
        "params": 49953
      }
    },
    "MHF-FNO": {
      "rand_test": {
        "test_mse": 0.0715266689658165,
        "test_lp": 23.420520782470703,
        "params": 28337
      },
      "conexp_test": {
        "test_mse": 0.05785033851861954,
        "test_lp": 21.30782127380371,
        "params": 28337
      }
    }
  },
  "navier_stokes": {
    "FNO": {
      "without_pino": {
        "test_mse": 0.5088480710983276,
        "test_lp": 2555.166015625,
        "params": 150961
      },
      "with_pino": {
        "error": "HighFreqPINOLoss.forward() missing 1 required positional argument: 'u_true'"
      }
    },
    "MHF-FNO": {
      "without_pino": {
        "test_mse": 0.5006566643714905,
        "test_lp": 2533.745361328125,
        "params": 58233
      },
      "with_pino": {
        "error": "HighFreqPINOLoss.forward() missing 1 required positional argument: 'u_true'"
      }
    },
    "MHF+CoDA": {
      "without_pino": {
        "test_mse": 0.4557191729545593,
        "test_lp": 2419.55908203125,
        "params": 58233
      },
      "with_pino": {
        "error": "HighFreqPINOLoss.forward() missing 1 required positional argument: 'u_true'"
      }
    },
    "MHF+AFNO": {
      "without_pino": {
        "test_mse": 0.491790771484375,
        "test_lp": 2511.26708984375,
        "params": 58233
      },
      "with_pino": {
        "error": "HighFreqPINOLoss.forward() missing 1 required positional argument: 'u_true'"
      }
    },
    "MHF+CoDA+AFNO": {
      "without_pino": {
        "test_mse": 0.48651161789894104,
        "test_lp": 2499.6279296875,
        "params": 58233
      },
      "with_pino": {
        "error": "HighFreqPINOLoss.forward() missing 1 required positional argument: 'u_true'"
      }
    }
  },
  "corrections": {
    "burgers": "uniform\u8bad\u7ec3, rand+conexp\u53cc\u6d4b\u8bd5 (\u4fee\u6b63\u4e4b\u524d\u7684uniform\u8bad\u7ec3/rand\u6d4b\u8bd5\u9519\u8bef)",
    "ns": "\u6240\u6709\u53d8\u4f53\u52a0PINO\u7269\u7406\u7ea6\u675f (\u5e73\u6ed1\u6b63\u5219+\u9ad8\u9891\u60e9\u7f5a)"
  }
}