{
  "timestamp": "2026-03-31T00:04:33.443478",
  "burgers": {
    "FNO": {
      "rand_test": {
        "test_mse": 0.10044261813163757,
        "test_lp": 28.160400390625,
        "params": 49953
      },
      "conexp_test": {
        "test_mse": 0.06349284946918488,
        "test_lp": 22.934885025024414,
        "params": 49953
      }
    },
    "MHF-FNO": {
      "rand_test": {
        "test_mse": 0.07276363670825958,
        "test_lp": 23.437744140625,
        "params": 28337
      },
      "conexp_test": {
        "test_mse": 0.0588369220495224,
        "test_lp": 21.495792388916016,
        "params": 28337
      }
    }
  },
  "navier_stokes": {
    "FNO": {
      "without_pino": {
        "test_mse": 0.45427125692367554,
        "test_lp": 2415.4091796875,
        "params": 150961
      },
      "with_pino": {
        "test_mse": 0.4908914566040039,
        "test_lp": 2509.279296875,
        "params": 150961
      }
    },
    "MHF-FNO": {
      "without_pino": {
        "test_mse": 0.49688178300857544,
        "test_lp": 2525.65234375,
        "params": 58233
      },
      "with_pino": {
        "test_mse": 0.3459843397140503,
        "test_lp": 2116.054443359375,
        "params": 58233
      }
    },
    "MHF+CoDA": {
      "without_pino": {
        "test_mse": 0.48101863265037537,
        "test_lp": 2484.599365234375,
        "params": 58233
      },
      "with_pino": {
        "test_mse": 0.4357589781284332,
        "test_lp": 2367.13916015625,
        "params": 58233
      }
    },
    "MHF+AFNO": {
      "without_pino": {
        "test_mse": 0.4993307590484619,
        "test_lp": 2531.27294921875,
        "params": 58233
      },
      "with_pino": {
        "test_mse": 0.45001021027565,
        "test_lp": 2402.287841796875,
        "params": 58233
      }
    },
    "MHF+CoDA+AFNO": {
      "without_pino": {
        "test_mse": 0.4674961566925049,
        "test_lp": 2450.187744140625,
        "params": 58233
      },
      "with_pino": {
        "test_mse": 0.4891185760498047,
        "test_lp": 2505.50048828125,
        "params": 58233
      }
    }
  },
  "corrections": {
    "burgers": "uniform\u8bad\u7ec3, rand+conexp\u53cc\u6d4b\u8bd5 (\u4fee\u6b63\u4e4b\u524d\u7684uniform\u8bad\u7ec3/rand\u6d4b\u8bd5\u9519\u8bef)",
    "ns": "\u6240\u6709\u53d8\u4f53\u52a0PINO\u7269\u7406\u7ea6\u675f (\u5e73\u6ed1\u6b63\u5219+\u9ad8\u9891\u60e9\u7f5a)"
  }
}