{
  "navier_stokes": {
    "FNO": {
      "final_train_loss": 0.38595397426531863,
      "final_test_loss": 0.32372358441352844,
      "final_test_lp": 2049.227783203125,
      "inference_time_ms": 4.341179132461548,
      "total_params": 150961
    },
    "MHF-FNO": {
      "final_train_loss": 0.44444021811852086,
      "final_test_loss": 0.48050326108932495,
      "final_test_lp": 2484.113525390625,
      "inference_time_ms": 2.682739496231079,
      "total_params": 58233
    }
  },
  "burgers": {
    "FNO": {
      "final_train_loss": 0.03900331545334596,
      "final_test_loss": 0.07707682251930237,
      "final_test_lp": 22.933258056640625,
      "inference_time_ms": 0.5913734436035156,
      "total_params": 49953
    },
    "MHF-FNO": {
      "final_train_loss": 0.05546912923455238,
      "final_test_loss": 0.06588402390480042,
      "final_test_lp": 21.75589370727539,
      "inference_time_ms": 0.370866060256958,
      "total_params": 28337
    }
  }
}