{
  "navier_stokes_128": {
    "FNO": {
      "params": 150961,
      "best_test_loss": 0.3237,
      "inference_ms": 4.34
    },
    "MHF-FNO": {
      "params": 58233,
      "best_test_loss": 0.4805,
      "inference_ms": 2.68
    },
    "MHF+CoDA": {
      "params": 235936,
      "best_test_loss": 0.1622389405965805,
      "inference_ms": 6.387090682983398
    },
    "MHF+AFNO": {
      "params": 75217,
      "best_test_loss": 0.2587084472179413,
      "inference_ms": 3.2907485961914062
    },
    "MHF+CoDA+AFNO": {
      "params": 236977,
      "best_test_loss": 0.15161289274692535,
      "inference_ms": 16.979694366455078
    }
  },
  "burgers_1d": {
    "FNO": {
      "params": 49953,
      "best_test_loss": 0.0771,
      "inference_ms": 0.59
    },
    "MHF-FNO": {
      "params": 28337,
      "best_test_loss": 0.0659,
      "inference_ms": 0.37
    },
    "MHF+CoDA": {
      "params": 24769,
      "best_test_loss": 0.2614779472351074,
      "inference_ms": 0.29621124267578125
    },
    "MHF+AFNO": {
      "params": 24897,
      "best_test_loss": 0.14661629498004913,
      "inference_ms": 0.46677589416503906
    },
    "MHF+CoDA+AFNO": {
      "params": 25060,
      "best_test_loss": 0.3295169174671173,
      "inference_ms": 0.5008459091186523
    }
  }
}