{
  "navier_stokes_128": {
    "FNO": {
      "params": 150961,
      "best_test_loss": 0.3237,
      "inference_ms": 4.34
    },
    "MHF-FNO": {
      "params": 58233,
      "best_test_loss": 0.4805,
      "inference_ms": 2.68
    },
    "MHF+CoDA": {
      "params": 235936,
      "best_test_loss": 0.1622389405965805,
      "inference_ms": 5.948877334594727
    },
    "MHF+AFNO": {
      "params": 75217,
      "best_test_loss": 0.2587084472179413,
      "inference_ms": 2.8011322021484375
    },
    "MHF+CoDA+AFNO": {
      "params": 236977,
      "best_test_loss": 0.15161289274692535,
      "inference_ms": 13.348650932312012
    }
  },
  "burgers_1d": {
    "FNO": {
      "params": 49953,
      "best_test_loss": 0.0771,
      "inference_ms": 0.59
    },
    "MHF-FNO": {
      "params": 28337,
      "best_test_loss": 0.0659,
      "inference_ms": 0.37
    },
    "MHF+CoDA": {
      "params": 24769,
      "best_test_loss": 0.19259093701839447,
      "inference_ms": 0.23288726806640625
    },
    "MHF+AFNO": {
      "params": 24897,
      "best_test_loss": 0.06917685270309448,
      "inference_ms": 0.3661632537841797
    },
    "MHF+CoDA+AFNO": {
      "params": 25060,
      "best_test_loss": 0.17927059531211853,
      "inference_ms": 0.43540000915527344
    }
  }
}