{
  "navier_stokes_128": {
    "FNO": {
      "params": 150961,
      "best_test_loss": 0.3237,
      "inference_ms": 4.34
    },
    "MHF-FNO": {
      "params": 58233,
      "best_test_loss": 0.4805,
      "inference_ms": 2.68
    },
    "MHF+CoDA": {
      "params": 235936,
      "best_test_loss": 0.1622389405965805,
      "inference_ms": 5.985236167907715
    },
    "MHF+AFNO": {
      "params": 75217,
      "best_test_loss": 0.2587084472179413,
      "inference_ms": 2.82745361328125
    },
    "MHF+CoDA+AFNO": {
      "params": -1,
      "best_test_loss": -1,
      "inference_ms": -1,
      "error": "name 'TripleFusionFNO' is not defined"
    }
  },
  "burgers_1d": {
    "FNO": {
      "params": 49953,
      "best_test_loss": 0.0771,
      "inference_ms": 0.59
    },
    "MHF-FNO": {
      "params": 28337,
      "best_test_loss": 0.0659,
      "inference_ms": 0.37
    },
    "MHF+CoDA": {
      "params": 24769,
      "best_test_loss": 0.19259093701839447,
      "inference_ms": 0.1760721206665039
    },
    "MHF+AFNO": {
      "params": 24897,
      "best_test_loss": 0.06917685270309448,
      "inference_ms": 0.28426647186279297
    },
    "MHF+CoDA+AFNO": {
      "params": 25060,
      "best_test_loss": 0.17927059531211853,
      "inference_ms": 0.3153800964355469
    }
  }
}