{
  "MHF+CoDA": {
    "params": 572988,
    "test_mse": 0.00584934838116169,
    "test_lp": 0.14789298176765442,
    "inference_ms": 8.338689804077148,
    "train_time_s": 1217.8651599884033,
    "status": "ok"
  }
}